"rank","Youtuber","subscribers","video.views","category","Title","uploads","Country","Abbreviation","channel_type","video_views_rank","country_rank","channel_type_rank","video_views_for_the_last_30_days","lowest_monthly_earnings","highest_monthly_earnings","lowest_yearly_earnings","highest_yearly_earnings","subscribers_for_last_30_days","created_year","created_month","created_date","Gross.tertiary.education.enrollment....","Population","Unemployment.rate","Urban_population","Latitude","Longitude"
2,"YouTube Movies",170000000,0,"Film & Animation","youtubemovies",1,"United States","US","Games",4055159,7670,7423,12,0,0.05,0.04,0.58,NA,2006,"Mar",5,88.2,328239523,14.7,270663028,37.09024,-95.712891
6,"Music",119000000,0,"nan","Music",0,"nan","nan","Music",4057944,NA,NA,NA,0,0,0,0,NA,2013,"Sep",24,NA,NA,NA,NA,NA,NA
7,"ýýý Kids Diana Show",112000000,93247040539,"People & Blogs","ýýý Kids Diana Show",1111,"United States","US","Entertainment",5,3,3,731674000,182900,2900000,2200000,35100000,NA,2015,"May",12,88.2,328239523,14.7,270663028,37.09024,-95.712891
8,"PewDiePie",111000000,29058044447,"Gaming","PewDiePie",4716,"Japan","JP","Entertainment",44,1,4,39184000,9800,156700,117600,1900000,NA,2010,"Apr",29,63.2,126226568,2.29,115782416,36.204824,138.252924
13,"Gaming",93600000,0,"nan","Gaming",0,"nan","nan","Games",4057944,NA,1,NA,0,0,0,0,NA,2013,"Dec",15,NA,NA,NA,NA,NA,NA
15,"Goldmines",86900000,24118230580,"Film & Animation","goldmines",1,"nan","nan","Music",4056562,NA,5663,18,0,0.07,0.05,0.86,NA,2006,"Aug",15,NA,NA,NA,NA,NA,NA
17,"5-Minute Crafts",80100000,26236790209,"Howto & Style","5-Minute Crafts 2.0",1,"United Kingdom","GB","Entertainment",4057901,4797,6781,1,0,0,0,0.05,NA,2020,"Jul",27,60,66834405,3.85,55908316,55.378051,-3.435973
19,"Sports",75000000,0,"nan","sports",3,"United States","US","Entertainment",3898122,6266,5395,16,0,0.06,0.05,0.77,NA,2006,"Jan",30,88.2,328239523,14.7,270663028,37.09024,-95.712891
24,"Canal KondZilla",66500000,36775585925,"Music","Canal KondZilla",2572,"Brazil","BR","Music",25,1,7,447223000,0,0,0,0,NA,2012,"Mar",21,51.3,212559417,12.08,183241641,-14.235004,-51.92528
28,"T-Series Bhakti Sagar",61000000,29533230328,"Music","T- SERIES BHAKTI SAGAR",13,"India","IN","Music",4053938,5803,5744,10,0,0.04,0.03,0.48,NA,2018,"Aug",3,28.1,1366417754,5.36,471031528,20.593684,78.96288
39,"LooLoo Kids - Nursery Rhymes and Children's Songs",54000000,32312431239,"Music","LooLoo Kids - Nursery Rhymes and Children's ï¿½",11,"nan","nan","nan",3800129,NA,NA,159,0.04,0.64,0.48,8,NA,2016,"Nov",29,NA,NA,NA,NA,NA,NA
52,"Bad Bunny",46100000,30686342319,"Music","badbunny",1,"nan","nan","Sports",4046070,NA,4501,1,0,0,0,0.05,NA,2005,"Nov",15,NA,NA,NA,NA,NA,NA
60,"whinderssonnunes",44200000,4274709210,"Comedy","whinderssonnunes",558,"Brazil","BR","Comedy",1741,4,1,26683000,6700,106700,80100,1300000,NA,2013,"Jan",21,51.3,212559417,12.08,183241641,-14.235004,-51.92528
62,"Alan Walker",43700000,12884264778,"Music","alanwalker",8,"Thailand","TH","Film",4056116,4026,5270,22,0.01,0.09,0.07,1,NA,2006,"May",12,49.3,69625582,0.75,35294600,15.870032,100.992541
63,"HolaSoyGerman.",43600000,4831311245,"Entertainment","holasoygerman. 2",6,"nan","nan","People",4047806,NA,7716,4,0,0.02,0.01,0.19,NA,2016,"May",27,NA,NA,NA,NA,NA,NA
69,"Like Nastya Show",42400000,19547696190,"Entertainment","Like Nastya Show",618,"United States","US","Entertainment",128,21,19,53202000,13300,212800,159600,2600000,NA,2017,"Nov",14,88.2,328239523,14.7,270663028,37.09024,-95.712891
74,"Luisito Comunica",40600000,8670473639,"Comedy","Luis Arturo Villar Sudek",0,"Mexico","MX","Comedy",3612215,3021,NA,NA,0,0,0,0,NA,2010,"Jun",18,40.2,126014024,3.42,102626859,23.634501,-102.552784
75,"elrubiusOMG",40400000,7410536668,"Gaming","elrubiusOMG",703,"nan","nan","Entertainment",756,NA,21,5773000,1400,23100,17300,277100,NA,2011,"Dec",20,NA,NA,NA,NA,NA,NA
76,"Toys and Colors",40300000,47005053156,"Entertainment","Toys and colors",4,"nan","nan","People",3989650,NA,7330,5,0,0.02,0.02,0.24,NA,2018,"Jun",14,NA,NA,NA,NA,NA,NA
78,"LUCCAS NETO - LUCCAS TOON",39400000,22302547082,"People & Blogs","LUCCAS NETO- LUCCAS TOON",1,"nan","nan","Games",4057895,NA,7498,2,0,0.01,0.01,0.1,NA,2021,"Mar",25,NA,NA,NA,NA,NA,NA
89,"TheEllenShow",38200000,22756581750,"Entertainment","TheEllenShow",15672,"United States","US","Entertainment",93,26,26,21804000,5500,87200,65400,1e+06,NA,2006,"Nov",21,88.2,328239523,14.7,270663028,37.09024,-95.712891
99,"Maroon 5",36600000,22553923546,"Music","Maroon 5",171,"United States","US","Music",96,31,35,152825000,38200,611300,458500,7300000,NA,2006,"Mar",9,88.2,328239523,14.7,270663028,37.09024,-95.712891
103,"News",36300000,0,"nan","News",0,"nan","nan","nan",4057944,NA,NA,NA,0,0,0,0,NA,2013,"Sep",9,NA,NA,NA,NA,NA,NA
114,"T-Series Apna Punjab",34600000,21306315429,"Music","T- Series Apna Punjab",0,"nan","nan","News",4057944,NA,4653,NA,0,0,0,0,NA,2020,"Jul",9,NA,NA,NA,NA,NA,NA
120,"VEGETTA777",33800000,15432929204,"Gaming","VEGETTA777",7606,"Spain","ES","Games",211,2,10,39094000,9800,156400,117300,1900000,NA,2008,"Mar",2,88.9,47076781,13.96,37927409,40.463667,-3.74922
123,"Desi Music Factory",33700000,10189027455,"Music","Desi music factory",2,"nan","nan","Music",4057699,NA,5775,NA,0,0,0,0,NA,2018,"Apr",10,NA,NA,NA,NA,NA,NA
128,"NoCopyrightSounds",33400000,10530729078,"Music","NoCopyrightSounds",1331,"United Kingdom","GB","Music",402,3,44,55654000,13900,222600,167000,2700000,NA,2011,"Aug",14,60,66834405,3.85,55908316,55.378051,-3.435973
136,"WowKidz",32200000,16613441479,"Film & Animation","wowkidz",2,"nan","nan","Entertainment",4053139,NA,6723,1,0,0,0,0.05,NA,2006,"Dec",16,NA,NA,NA,NA,NA,NA
139,"rezendeevil",32100000,13061739758,"Gaming","rezendeevil",11882,"Brazil","BR","Entertainment",287,9,40,44505000,11100,178000,133500,2100000,NA,2012,"Feb",12,51.3,212559417,12.08,183241641,-14.235004,-51.92528
143,"GENIAL",31800000,6762424690,"Howto & Style","GENIAL",6734,"Mexico","MX","Howto",884,4,4,31455000,7900,125800,94400,1500000,NA,2017,"Jun",1,40.2,126014024,3.42,102626859,23.634501,-102.552784
149,"JustinBieberVEVO",31600000,26583873105,"Music","JustinBieberVEVO",204,"United States","US","Music",63,42,49,105126000,26300,420500,315400,5e+06,NA,2009,"Sep",26,88.2,328239523,14.7,270663028,37.09024,-95.712891
150,"Luis Fonsi",31400000,15176762479,"Entertainment","luisfonsi",0,"nan","nan","nan",4057944,NA,NA,NA,0,0,0,0,NA,2006,"Mar",31,NA,NA,NA,NA,NA,NA
160,"AH",30400000,4332274962,"Entertainment","AH",2197,"Indonesia","ID","Entertainment",1701,4,46,21440000,5400,85800,64300,1e+06,NA,2014,"Jan",26,36.3,270203917,4.69,151509724,-0.789275,113.921327
161,"Trap Nation",30400000,14037426379,"Music","Trap Nation",2725,"United States","US","Music",255,46,51,45822000,11500,183300,137500,2200000,NA,2012,"Sep",23,88.2,328239523,14.7,270663028,37.09024,-95.712891
163,"Boram Tube Vlog [ï¿½ï¿½ï¿½ï¿½ï¿½ï¿½ï¿½ï¿½ï¿",30300000,13546549817,"Entertainment","Boram Tube Vlog [ï¿½ï¿½ï¿½ï¿½ï¿½ï¿½ï¿½ï¿½ï¿",223,"United States","US","Entertainment",269,47,47,22724000,5700,90900,68200,1100000,NA,2012,"Feb",21,88.2,328239523,14.7,270663028,37.09024,-95.712891
165,"Talking Tom",30200000,15199330166,"Comedy","TalkingTom",2,"United States","US","Entertainment",4057345,7736,6776,NA,0,0,0,0,NA,2008,"Jun",27,88.2,328239523,14.7,270663028,37.09024,-95.712891
169,"Little Angel: Nursery Rhymes & Kids Songs",30100000,22593193994,"Education","Little Angel: Nursery Rhymes & Kids Songs",1349,"United States","US","Education",95,49,12,107525000,26900,430100,322600,5200000,NA,2015,"Dec",14,88.2,328239523,14.7,270663028,37.09024,-95.712891
171,"Shawn Mendes",30000000,12831200855,"Music","Shawn Mendes",133,"Canada","CA","Music",295,4,55,88749000,22200,355000,266200,4300000,NA,2011,"Jan",19,68.9,36991981,5.56,30628482,56.130366,-106.346771
173,"Ultra Records",29600000,17208027242,"Music","Ultra Records",4903,"United States","US","Music",165,50,56,81884000,20500,327500,245700,3900000,NA,2006,"Oct",24,88.2,328239523,14.7,270663028,37.09024,-95.712891
174,"Popular on YouTube",29300000,0,"nan","Popular on Youtube",3,"nan","nan","Education",4019724,NA,4847,1,0,0,0,0.05,NA,2017,"Aug",7,NA,NA,NA,NA,NA,NA
175,"Maluma",29300000,21226945136,"Music","MaLuMa",14,"Argentina","AR","People",4051498,3624,7658,15,0,0.06,0.05,0.72,NA,2015,"Oct",31,90,44938712,9.79,41339571,-38.416097,-63.616672
178,"AuronPlay",29200000,4079141673,"Comedy","AuronPlay",404,"Spain","ES","Comedy",1852,3,9,12143000,3000,48600,36400,582900,NA,2006,"Feb",28,88.9,47076781,13.96,37927409,40.463667,-3.74922
181,"Aditya Music India",28500000,25857994495,"Music","Aditya Music",0,"nan","nan","Music",4057944,NA,4721,NA,0,0,0,0,NA,2010,"Dec",16,NA,NA,NA,NA,NA,NA
182,"The Late Late Show with James Corden",28400000,9956764048,"Entertainment","The Late Late Show with James Corden",5809,"United States","US","Entertainment",445,53,49,26435000,6600,105700,79300,1300000,NA,2006,"Nov",21,88.2,328239523,14.7,270663028,37.09024,-95.712891
184,"Masha y el Oso",28300000,13577142726,"Film & Animation","Masha y El oso",6,"nan","nan","nan",4057907,NA,NA,2,0,0.01,0.01,0.1,NA,2019,"Jul",21,NA,NA,NA,NA,NA,NA
192,"Bounce Patrol - Kids Songs",27800000,21037851468,"Music","Bounce Patrol - Kids Songs",292,"Australia","AU","Music",111,1,61,127441000,31900,509800,382300,6100000,NA,2013,"Jan",1,113.1,25766605,5.27,21844756,-25.274398,133.775136
194,"MrBeast 2",27500000,4552581106,"People & Blogs","Leaux Pass",27,"United States","US","Music",2161873,5889,4311,649,0,0,0,0,NA,2011,"Jun",23,88.2,328239523,14.7,270663028,37.09024,-95.712891
201,"ToyPuddingTV",27100000,15916882228,"Entertainment","ToyPudding TV[ï¿½ï¿½ï¿½ï¿½ï",2,"nan","nan","People",4052296,NA,7692,14,0,0.06,0.04,0.67,NA,2017,"Jun",7,NA,NA,NA,NA,NA,NA
207,"enchufetv",26700000,10317306313,"Comedy","enchufetv",975,"Colombia","CO","Comedy",420,5,11,24363000,6100,97500,73100,1200000,NA,2011,"Nov",13,55.3,50339443,9.71,40827302,4.570868,-74.297333
210,"WORLDSTARHIPHOP",26500000,20358117330,"Music","WORLDSTARHIPHOP",6873,"United States","US","Music",117,63,65,89098000,22300,356400,267300,4300000,NA,2008,"Nov",8,88.2,328239523,14.7,270663028,37.09024,-95.712891
214,"BB Ki Vines",26300000,4749833967,"Entertainment","BB Ki Vines",190,"India","IN","Entertainment",1462,51,57,17264000,4300,69100,51800,828600,NA,2015,"Jun",20,28.1,1366417754,5.36,471031528,20.593684,78.96288
218,"1MILLION Dance Studio",26100000,7886440199,"Entertainment","1MILLION Dance Studio",0,"Saudi Arabia","SA","Music",4057944,3695,5641,NA,0,0,0,0,NA,2019,"Jul",13,68,34268528,5.93,28807838,23.885942,45.079162
220,"Beyoncï¿",26000000,17308961985,"Music","Beyoncï¿",240,"United States","US","Music",163,66,66,55454000,13900,221800,166400,2700000,NA,2005,"Nov",7,88.2,328239523,14.7,270663028,37.09024,-95.712891
223,"VanossGaming",25800000,15541421838,"Gaming","VanossGaming",1762,"Canada","CA","Games",206,5,17,54947000,13700,219800,164800,2600000,NA,2011,"Sep",15,68.9,36991981,5.56,30628482,56.130366,-106.346771
225,"LosPolinesios",25700000,7466926260,"People & Blogs","LosPolinesios",982,"Mexico","MX","People",746,8,7,30501000,7600,122000,91500,1500000,NA,2012,"Dec",16,40.2,126014024,3.42,102626859,23.634501,-102.552784
234,"Las Ratitas",25200000,9602246828,"People & Blogs","LAS RATITAS",4,"nan","nan","People",4051936,NA,7690,11,0,0.04,0.03,0.53,NA,2019,"May",31,NA,NA,NA,NA,NA,NA
236,"ABPLIVE",25200000,7968363381,"People & Blogs","ABPLIVE",12,"nan","nan","People",4026389,NA,7421,2,0,0.01,0.01,0.1,NA,2014,"Jul",26,NA,NA,NA,NA,NA,NA
237,"Chris Brown",25200000,15520569496,"Music","ChrisBrown",0,"nan","nan","nan",3612215,NA,NA,NA,0,0,0,0,NA,NA,"nan",NA,NA,NA,NA,NA,NA,NA
239,"RihannaVEVO",25100000,19458807708,"Music","RihannaVEVO",118,"United States","US","Music",130,71,72,94246000,23600,377000,282700,4500000,NA,2009,"May",12,88.2,328239523,14.7,270663028,37.09024,-95.712891
240,"WatchMojo.com",25100000,16357064198,"Music","WatchMojo.com",24837,"Canada","CA","Entertainment",180,6,64,49009000,12300,196000,147000,2400000,NA,2007,"Jan",25,68.9,36991981,5.56,30628482,56.130366,-106.346771
244,"Yuya",24800000,2588501115,"Howto & Style","Yuya",672,"Mexico","MX","Howto",3505,9,6,336291,84,1300,1000,16100,NA,2009,"Sep",20,40.2,126014024,3.42,102626859,23.634501,-102.552784
248,"Chloe Ting",24700000,2994726412,"Howto & Style","Chloe Ting",412,"Australia","AU","Howto",2897,2,7,23263000,5800,93100,69800,1100000,NA,2011,"Aug",17,113.1,25766605,5.27,21844756,-25.274398,133.775136
251,"1theK (ï¿½ï¿½ï¿½ï¿½ï",24500000,23962070944,"Music","1theK (ï¿½ï¿½ï¿½ï¿½ï",18950,"South Korea","KR","Entertainment",79,6,67,105567000,26400,422300,316700,5100000,NA,2011,"Jan",31,94.3,51709098,4.15,42106719,35.907757,127.766922
253,"Amit Bhadana",24300000,2380248899,"Entertainment","Amit Bhadana",17,"nan","nan","People",4054185,NA,7710,5,0,0.02,0.02,0.24,NA,2009,"Dec",31,NA,NA,NA,NA,NA,NA
261,"DJ Snake",24100000,8425505919,"Music","DJ Snake",252,"United States","US","Music",602,77,76,63293000,15800,253200,189900,3e+06,NA,2008,"Sep",24,88.2,328239523,14.7,270663028,37.09024,-95.712891
263,"KSI",24100000,6002166932,"Entertainment","KSI",1252,"United Kingdom","GB","Music",1053,10,76,5439000,1400,21800,16300,261100,NA,2009,"Jul",25,60,66834405,3.85,55908316,55.378051,-3.435973
265,"Goldmines Movies",24000000,5652938599,"Film & Animation","Ti Ti",3,"nan","nan","People",4057888,NA,7725,3,0,0.01,0.01,0.14,NA,2018,"Apr",30,NA,NA,NA,NA,NA,NA
268,"Collins Key",23900000,6582932625,"Entertainment","Collins Key",257,"United States","US","Entertainment",911,79,73,10853000,2700,43400,32600,520900,NA,2011,"Aug",9,88.2,328239523,14.7,270663028,37.09024,-95.712891
270,"Venus Entertainment",23800000,5663125358,"Entertainment","Venus Entertainment",70,"nan","nan","Entertainment",367929,NA,2500,31633,8,127,95,1500,NA,2016,"May",17,NA,NA,NA,NA,NA,NA
273,"Ninja",23700000,2543809954,"Gaming","Ninja",1732,"United States","US","Games",3590,81,19,8368000,2100,33500,25100,401700,NA,2011,"Nov",11,88.2,328239523,14.7,270663028,37.09024,-95.712891
275,"Mister Max",23700000,15510153803,"People & Blogs","Mister Max",1099,"United Kingdom","GB","Entertainment",208,11,74,32817000,8200,131300,98400,1600000,NA,2014,"Sep",22,60,66834405,3.85,55908316,55.378051,-3.435973
279,"Logan Paul",23600000,5994002464,"Entertainment","Logan Paul",719,"United States","US","Entertainment",1057,82,75,10803000,2700,43200,32400,518600,NA,2015,"Aug",29,88.2,328239523,14.7,270663028,37.09024,-95.712891
282,"Jelly",23500000,14777034543,"Gaming","Jelly",6066,"United Kingdom","GB","Games",229,13,20,41669000,10400,166700,125000,2e+06,NA,2014,"May",27,60,66834405,3.85,55908316,55.378051,-3.435973
283,"Miss Katy",23500000,14696994366,"People & Blogs","Miss Katy",1044,"United Kingdom","GB","Entertainment",235,13,76,59629000,14900,238500,178900,2900000,NA,2014,"Nov",17,60,66834405,3.85,55908316,55.378051,-3.435973
285,"Valentina Pontes ofc",23400000,7926899136,"Film & Animation","Valentina Pontes ofc",1291,"Brazil","BR","Entertainment",667,14,77,28285000,7100,113100,84900,1400000,NA,2014,"Apr",14,51.3,212559417,12.08,183241641,-14.235004,-51.92528
291,"GMM GRAMMY OFFICIAL",23100000,25579831081,"Music","GMM GRAMMY OFFICIAL",15462,"Thailand","TH","Music",68,4,81,130233000,32600,520900,390700,6300000,NA,2010,"Nov",8,49.3,69625582,0.75,35294600,15.870032,100.992541
296,"Technical Guruji",23000000,3378047383,"Science & Technology","Technical Guruji",5041,"India","IN","Tech",2420,60,5,22262000,5600,89000,66800,1100000,NA,2015,"Oct",19,28.1,1366417754,5.36,471031528,20.593684,78.96288
310,"Sia",22600000,13405849040,"Music","Sia",171,"United States","US","Music",273,88,84,95253000,23800,381000,285800,4600000,NA,2007,"Nov",19,88.2,328239523,14.7,270663028,37.09024,-95.712891
315,"Paulo Londra",22400000,8040036209,"Music","Paulo Londra",58,"Argentina","AR","Music",648,6,85,72242000,18100,289000,216700,3500000,NA,2016,"Aug",8,90,44938712,9.79,41339571,-38.416097,-63.616672
325,"Disney Latinoamï¿½ï¿½",21900000,20657571751,"Entertainment","disneylatinoamerica",116,"Mexico","MX","Music",1277277,2973,4085,4719,1,19,14,227,NA,2008,"Apr",7,40.2,126014024,3.42,102626859,23.634501,-102.552784
329,"OneDirectionVEVO",21800000,12140232004,"Music","OneDirectionVEVO",266,"United Kingdom","GB","Music",322,14,87,51134000,12800,204500,153400,2500000,NA,2010,"Dec",4,60,66834405,3.85,55908316,55.378051,-3.435973
331,"Netflix India",21800000,7780934187,"People & Blogs","NETFLIX INDIA",1,"nan","nan","People",4052308,NA,7665,408,0,0,0,0,NA,2017,"Sep",24,NA,NA,NA,NA,NA,NA
336,"Eva Bravo Play",21600000,9346383505,"Entertainment","Eva Bravo Play",228,"United States","US","Entertainment",507,96,90,63919000,16000,255700,191800,3100000,NA,2019,"May",7,88.2,328239523,14.7,270663028,37.09024,-95.712891
338,"Tlnovelas",21500000,15013096899,"News & Politics","tlnovelas",158,"Mexico","MX","Entertainment",1936958,2063,2940,15459,4,62,46,742,NA,2014,"Jan",2,40.2,126014024,3.42,102626859,23.634501,-102.552784
339,"SMOL",21500000,22065582014,"People & Blogs","Claudio",6,"nan","nan","Music",4057657,NA,5782,3,0,0.01,0.01,0.14,NA,2006,"Apr",2,NA,NA,NA,NA,NA,NA
349,"Khan GS Research Centre",21200000,2073073070,"Education","KHAN GS RESEARCH CENTRE",1,"nan","nan","People",4057930,NA,7727,NA,0,0,0,0,NA,2017,"Jan",5,NA,NA,NA,NA,NA,NA
351,"Tasty",21100000,5783557209,"Howto & Style","Tasty",4728,"United States","US","Howto",1113,99,10,24691000,6200,98800,74100,1200000,NA,2016,"Jan",22,88.2,328239523,14.7,270663028,37.09024,-95.712891
353,"nigahiga",21000000,4380564906,"Entertainment","nigahiga",403,"United States","US","Entertainment",1671,100,95,2476000,619,9900,7400,118900,NA,2006,"Jul",21,88.2,328239523,14.7,270663028,37.09024,-95.712891
362,"Romeo Santos",20900000,17324976752,"Music","RomeoSantos",6,"United States","US","Music",2595710,5417,4067,99,0.02,0.4,0.3,5,NA,2006,"Jul",31,88.2,328239523,14.7,270663028,37.09024,-95.712891
363,"Canal Canalha",20800000,1870608170,"Comedy","Canal Canalha",288,"Brazil","BR","Comedy",5407,18,18,23897000,6000,95600,71700,1100000,NA,2011,"Apr",8,51.3,212559417,12.08,183241641,-14.235004,-51.92528
366,"5-Minute Crafts DIY",20700000,5091618606,"Howto & Style","5-Minute Crafts DIY",5062,"United States","US","Howto",1334,103,11,20012000,5000,80000,60000,960600,NA,2018,"Jan",18,88.2,328239523,14.7,270663028,37.09024,-95.712891
369,"NBA",20700000,12624879732,"Sports","NBA",47926,"United States","US","Sports",304,103,4,73025000,18300,292100,219100,3500000,NA,2005,"Nov",21,88.2,328239523,14.7,270663028,37.09024,-95.712891
372,"Avicii",20600000,10292874715,"Music","Avicii",156,"Sweden","SE","Music",421,1,92,81236000,20300,324900,243700,3900000,NA,2009,"Oct",28,67,10285453,6.48,9021165,60.128161,18.643501
374,"LazarBeam",20500000,8768697257,"Gaming","LazarBeam",1323,"Australia","AU","Games",565,3,25,26082000,6500,104300,78200,1300000,NA,2015,"Jan",4,113.1,25766605,5.27,21844756,-25.274398,133.775136
380,"SlivkiShow",20400000,4707412332,"Entertainment","SlivkiShow",462,"Ukraine","UA","Entertainment",1489,1,100,28990000,7200,116000,87000,1400000,NA,2012,"Dec",11,82.7,44385155,8.88,30835699,48.379433,31.16558
387,"Family GamesTV",20200000,7066711323,"Entertainment","FamilyGamesTV",0,"nan","nan","Games",4057944,NA,7492,NA,0,0,0,0,NA,2012,"Dec",29,NA,NA,NA,NA,NA,NA
393,"Skrillex",20100000,6618524158,"Music","Skrillex",241,"United States","US","Music",905,108,95,25263000,6300,101100,75800,1200000,NA,2010,"Apr",6,88.2,328239523,14.7,270663028,37.09024,-95.712891
394,"AuthenticGames",20100000,8920141342,"Gaming","AuthenticGames",4974,"Brazil","BR","Games",549,20,28,5420000,1400,21700,16300,260200,NA,2011,"Oct",7,51.3,212559417,12.08,183241641,-14.235004,-51.92528
395,"Robin Hood Gamer",20100000,10366850490,"Entertainment","Homem Aranha player",0,"nan","nan","Games",4057944,NA,7471,NA,0,0,0,0,NA,2013,"Mar",16,NA,NA,NA,NA,NA,NA
400,"BuzzFeedVideo",20100000,17913237851,"People & Blogs","BuzzFeedVideo",7737,"United States","US","People",150,108,20,9112000,2300,36400,27300,437400,NA,2011,"Aug",10,88.2,328239523,14.7,270663028,37.09024,-95.712891
401,"REACT",20000000,13154314376,"Entertainment","REACT",4339,"United States","US","Entertainment",281,109,104,23206000,5800,92800,69600,1100000,NA,2007,"Jun",4,88.2,328239523,14.7,270663028,37.09024,-95.712891
402,"Vevo",20000000,559765455,"Music","Vevo",1527,"United States","US","Music",22747,109,96,1331000,333,5300,4000,63900,NA,2006,"Apr",14,88.2,328239523,14.7,270663028,37.09024,-95.712891
404,"Pentatonix",20000000,6033295543,"Music","pentatonix",1,"Canada","CA","Entertainment",4051673,4072,6742,NA,0,0,0,0,NA,2006,"Mar",9,68.9,36991981,5.56,30628482,56.130366,-106.346771
407,"HaerteTest",19800000,3234880084,"Science & Technology","HaerteTest",1411,"Germany","DE","Tech",2583,3,6,5650000,1400,22600,17000,271200,NA,2011,"Sep",6,70.2,83132799,3.04,64324835,51.165691,10.451526
409,"SOMOY TV",19800000,12293479945,"News & Politics","TIME NEWS",9930,"United States","US","News",1291541,2251,1555,16229,4,65,49,779,NA,2013,"Nov",16,88.2,328239523,14.7,270663028,37.09024,-95.712891
410,"JennaMarbles",19700000,1803249241,"Comedy","JennaMarbles",250,"United States","US","Comedy",5665,112,21,3769000,942,15100,11300,180900,NA,2010,"Feb",16,88.2,328239523,14.7,270663028,37.09024,-95.712891
412,"Official Pink Panther",19700000,10955619815,"Film & Animation","OfficialPinkPanther",1,"United States","US","Games",4052414,7741,7494,NA,0,0,0,0,NA,2011,"Oct",6,88.2,328239523,14.7,270663028,37.09024,-95.712891
414,"SCTV",19700000,9808676159,"Entertainment","SCTV",267,"United Kingdom","GB","Music",2831648,3695,4668,336,0.08,1,1,16,NA,2006,"Mar",25,60,66834405,3.85,55908316,55.378051,-3.435973
415,"AS Gaming",19600000,2851024430,"Gaming","ASGaming",17,"United States","US","Games",3857915,7711,7464,23,0.01,0.09,0.07,1,NA,2009,"Mar",5,88.2,328239523,14.7,270663028,37.09024,-95.712891
419,"Clash of Clans",19600000,3961318438,"Gaming","Clash of Clans",674,"United States","US","Games",1934,113,30,22292000,5600,89200,66900,1100000,NA,2013,"Jan",31,88.2,328239523,14.7,270663028,37.09024,-95.712891
428,"shane",19200000,4329121104,"People & Blogs","shane",570,"United States","US","Comedy",1705,114,22,2730000,683,10900,8200,131100,NA,2005,"Sep",22,88.2,328239523,14.7,270663028,37.09024,-95.712891
430,"Jimmy Kimmel Live",19100000,13124645973,"Entertainment","Jimmy Kimmel Live",6526,"United States","US","Comedy",283,115,23,17243000,4300,69000,51700,827600,NA,2006,"Sep",20,88.2,328239523,14.7,270663028,37.09024,-95.712891
431,"TheOdd1sOut",19100000,4566120190,"Comedy","TheOdd1sOut",139,"United States","US","Comedy",1568,115,23,30986000,7700,123900,93000,1500000,NA,2014,"Aug",30,88.2,328239523,14.7,270663028,37.09024,-95.712891
433,"Lil Nas X",19100000,6339584661,"Music","Lil Nas X",37,"nan","nan","Music",966,NA,99,46192000,11500,184800,138600,2200000,NA,2018,"May",19,NA,NA,NA,NA,NA,NA
439,"KBS WORLD TV",19000000,15126092508,"Entertainment","KBS WORLD TV",64496,"South Korea","KR","Entertainment",217,8,111,107989000,27000,432000,324000,5200000,NA,2007,"Jan",6,94.3,51709098,4.15,42106719,35.907757,127.766922
440,"HiMan",18900000,2855519150,"People & Blogs","HiMan",375,"Russia","RU","Entertainment",3094,4,112,24563000,6100,98300,73700,1200000,NA,2014,"Oct",16,81.9,144373535,4.59,107683889,61.52401,105.318756
442,"Little Angel Espaï¿½ï¿½ï¿½ï¿½ï¿½ï¿½ï¿½ï¿½ï¿½",18900000,9813245108,"Education","Little Angel Espaï¿½ï¿½ï¿½ï¿½ï¿½ï¿½ï¿½ï¿½ï¿½",719,"Mexico","MX","Education",459,16,24,140398000,35100,561600,421200,6700000,NA,2018,"Jan",26,40.2,126014024,3.42,102626859,23.634501,-102.552784
445,"Cardi B",18800000,7634430188,"People & Blogs","Cardi B",9,"nan","nan","nan",4054469,NA,NA,7,0,0.03,0.02,0.34,NA,2017,"Aug",15,NA,NA,NA,NA,NA,NA
446,"Busy Fun Ltd",18800000,7762077012,"nan","TG MAYANK YT",2,"nan","nan","nan",4057882,NA,NA,NA,0,0,0,0,NA,2021,"Dec",21,NA,NA,NA,NA,NA,NA
451,"Ali-A",18700000,6148303268,"Gaming","ali-a",2,"nan","nan","People",4053443,NA,7729,1,0,0,0,0.05,NA,2016,"Jul",7,NA,NA,NA,NA,NA,NA
458,"The ACE Family",18500000,4558380251,"People & Blogs","The ACE Family",712,"nan","nan","People",1572,NA,25,2835000,709,11300,8500,136100,NA,2016,"Jan",10,NA,NA,NA,NA,NA,NA
461,"PDK Films",18400000,4120324310,"Entertainment","PDK Films",111,"United States","US","Entertainment",1825,120,116,14430000,3600,57700,43300,692600,NA,2009,"Jul",21,88.2,328239523,14.7,270663028,37.09024,-95.712891
462,"TheWillyrex",18400000,7038827526,"Comedy","TheWillyrex",6943,"Spain","ES","Games",825,7,33,11004000,2800,44000,33000,528200,NA,2011,"Jan",26,88.9,47076781,13.96,37927409,40.463667,-3.74922
465,"shakiraVEVO",18400000,25367126292,"Music","shakiraVEVO",197,"United States","US","Music",72,120,103,267126000,66800,1100000,801400,12800000,NA,2009,"Sep",2,88.2,328239523,14.7,270663028,37.09024,-95.712891
466,"Naisa Alifia Yuriza (N.A.Y)",18300000,1606834186,"People & Blogs","Naisa Alifia Yuriza (N.A.Y)",786,"Indonesia","ID","Entertainment",6502,14,117,17063000,4300,68300,51200,819000,NA,2017,"Jul",8,36.3,270203917,4.69,151509724,-0.789275,113.921327
469,"Good Mythical Morning",18300000,8798044678,"Entertainment","Goodmythicalmorning",0,"nan","nan","nan",3612215,3305,NA,NA,0,0,0,0,NA,NA,"nan",NA,NA,NA,NA,NA,NA,NA
471,"INCRï¿½ï¿",18200000,3213324455,"People & Blogs","INCRï¿½ï¿",6903,"Brazil","BR","Howto",2610,25,15,18045000,4500,72200,54100,866200,NA,2017,"Jun",20,51.3,212559417,12.08,183241641,-14.235004,-51.92528
473,"GEN HALILINTAR",18100000,3306242674,"Entertainment","GEN HALILINTAR",1037,"Indonesia","ID","Entertainment",2498,15,119,27312000,6800,109200,81900,1300000,NA,2015,"Mar",4,36.3,270203917,4.69,151509724,-0.789275,113.921327
476,"officialpsy",18100000,10703830496,"Music","officialpsy",131,"South Korea","KR","Music",393,10,104,64989000,16200,260000,195000,3100000,NA,2010,"Oct",4,94.3,51709098,4.15,42106719,35.907757,127.766922
480,"And TV",18000000,15412333005,"Entertainment","ANDtv",45,"United States","US","Entertainment",4012108,7627,6667,4,0,0.02,0.01,0.19,NA,2006,"Aug",4,88.2,328239523,14.7,270663028,37.09024,-95.712891
481,"Sebastiï¿½ï¿½ï¿½",18000000,10463166404,"News & Politics","Sebastiï¿½ï¿½ï¿½",237,"United States","US","Music",406,124,105,110776000,27700,443100,332300,5300000,NA,2013,"Mar",30,88.2,328239523,14.7,270663028,37.09024,-95.712891
483,"TheGrefg",18000000,6404852037,"Gaming","TheGrefg",3566,"Spain","ES","Games",950,8,34,43830000,11000,175300,131500,2100000,NA,2012,"Jan",30,88.9,47076781,13.96,37927409,40.463667,-3.74922
488,"Lele Pons",17900000,5244917119,"Comedy","Lele Pons",185,"United States","US","Entertainment",1264,125,121,18548000,4600,74200,55600,890300,NA,2015,"Sep",19,88.2,328239523,14.7,270663028,37.09024,-95.712891
489,"Demi Lovato",17900000,6888074944,"Music","Demi Lovato",314,"United States","US","Music",858,125,106,29182000,7300,116700,87500,1400000,NA,2008,"Jan",30,88.2,328239523,14.7,270663028,37.09024,-95.712891
493,"Zuni and Family",17900000,6746269458,"People & Blogs","zuni and family",2,"nan","nan","People",4057766,NA,7733,4,0,0.02,0.01,0.19,NA,2020,"Jul",15,NA,NA,NA,NA,NA,NA
497,"Jane ASMR ï¿½ï¿½",17700000,7387621644,"nan","Jane ASMR ï¿½ï¿½",1888,"South Korea","KR","People",762,11,30,102803000,0,0,0,0,NA,2012,"Nov",17,94.3,51709098,4.15,42106719,35.907757,127.766922
498,"ArianaGrandeVevo",17700000,20115544708,"Music","ArianaGrandeVevo",178,"United States","US","Music",122,127,108,97422000,24400,389700,292300,4700000,NA,2010,"Oct",21,88.2,328239523,14.7,270663028,37.09024,-95.712891
501,"Lil Pump",17700000,4196061192,"Music","Lil Pump",60,"nan","nan","Music",1785,NA,108,9243000,0,0,0,0,NA,2015,"Oct",15,NA,NA,NA,NA,NA,NA
502,"Porta dos Fundos",17700000,7739048000,"Entertainment","Porta dos Fundos",2240,"Brazil","BR","Entertainment",705,27,123,35337000,8800,141300,106000,1700000,NA,2012,"Mar",12,51.3,212559417,12.08,183241641,-14.235004,-51.92528
506,"zbing z.",17600000,9269174070,"Gaming","zbing z.",3151,"Thailand","TH","Games",511,7,36,55127000,13800,220500,165400,2600000,NA,2014,"Mar",12,49.3,69625582,0.75,35294600,15.870032,100.992541
509,"The Game Theorists",17600000,3752347262,"Gaming","TheGameTheorists",0,"Australia","AU","nan",3612215,6095,NA,NA,0,0,0,0,NA,NA,"nan",NA,113.1,25766605,5.27,21844756,-25.274398,133.775136
511,"JFlaMusic",17600000,3802280098,"Music","JFlaMusic",326,"South Korea","KR","Music",2056,12,109,11099000,2800,44400,33300,532700,NA,2011,"Aug",22,94.3,51709098,4.15,42106719,35.907757,127.766922
512,"FactTechz",17500000,2238134438,"Entertainment","FactTechz",709,"India","IN","Entertainment",4243,86,124,21056000,5300,84200,63200,1e+06,NA,2016,"Jul",24,28.1,1366417754,5.36,471031528,20.593684,78.96288
515,"IGN",17500000,16107116549,"Gaming","IGN",156215,"United States","US","Games",189,129,37,98342000,24600,393400,295000,4700000,NA,2006,"Sep",19,88.2,328239523,14.7,270663028,37.09024,-95.712891
518,"ýýýýýýýýýýýýýýýý - Al-Remas",17400000,11144195464,"Music","ýýýýýýýýýýýýýýýý - Al-Remas",2133,"Iraq","IQ","Music",371,1,110,113003000,28300,452000,339000,5400000,NA,2013,"Sep",27,16.2,39309783,12.82,27783368,33.223191,43.679291
521,"Stubborn Facts",17300000,902225615,"Film & Animation","Stubborn Facts",287,"India","IN","Entertainment",13315,87,125,837850,209,3400,2500,40200,NA,2016,"Sep",5,28.1,1366417754,5.36,471031528,20.593684,78.96288
523,"HowToBasic",17300000,3684816159,"Howto & Style","HowToBasic",582,"Australia","AU","Howto",2146,6,17,15525000,3900,62100,46600,745200,NA,2011,"Dec",8,113.1,25766605,5.27,21844756,-25.274398,133.775136
526,"Anitta",17200000,7337212581,"Music","Anitta",138,"Brazil","BR","Music",769,28,111,72684000,18200,290700,218100,3500000,NA,2011,"Nov",2,51.3,212559417,12.08,183241641,-14.235004,-51.92528
527,"Jason Vlogs",17200000,8903647480,"Education","Jason Oo",83,"Australia","AU","People",4031958,3450,7408,25,0.01,0.1,0.08,1,NA,2014,"Sep",11,113.1,25766605,5.27,21844756,-25.274398,133.775136
529,"Willyrex",17200000,5024088947,"Gaming","Willyrex",7550,"Spain","ES","Games",1359,9,38,15405000,3900,61600,46200,739500,NA,2009,"Aug",9,88.9,47076781,13.96,37927409,40.463667,-3.74922
532,"Liza Koshy",17100000,2173106162,"Comedy","Liza Koshy",142,"United States","US","Entertainment",4443,132,127,1761000,440,7000,5300,84500,NA,2013,"Sep",2,88.2,328239523,14.7,270663028,37.09024,-95.712891
535,"Gaby and Alex",17000000,8229883114,"Entertainment","gabyandalex",1,"nan","nan","People",4057752,NA,7732,NA,0,0,0,0,NA,2008,"Aug",21,NA,NA,NA,NA,NA,NA
536,"LuisFonsiVEVO",17000000,14543594822,"Music","LuisFonsiVEVO",97,"United States","US","Music",241,133,112,49817000,12500,199300,149500,2400000,NA,2009,"May",12,88.2,328239523,14.7,270663028,37.09024,-95.712891
538,"Guava Juice",16900000,9111000228,"Gaming","Guava Juice",1910,"United States","US","Entertainment",527,134,129,10889000,2700,43600,32700,522600,NA,2006,"Jul",18,88.2,328239523,14.7,270663028,37.09024,-95.712891
539,"EeOneGuy",16900000,3827906874,"Entertainment","EeOneGuy",366,"United States","US","Entertainment",2039,134,129,1635000,409,6500,4900,78500,NA,2013,"Mar",19,88.2,328239523,14.7,270663028,37.09024,-95.712891
541,"Aayu and Pihu Show",16900000,9270331567,"Comedy","Aayu and Pihu Show",441,"India","IN","People",510,90,34,89782000,22400,359100,269300,4300000,NA,2017,"May",8,28.1,1366417754,5.36,471031528,20.593684,78.96288
544,"DeToxoMoroxo",16800000,2315962318,"Entertainment","de toxomoroxo",1,"nan","nan","Music",4056488,NA,5767,NA,0,0,0,0,NA,2016,"Apr",30,NA,NA,NA,NA,NA,NA
545,"Doggy Doggy Cartoons",16800000,6518418501,"Entertainment","Doggy Doggy Cartoons",0,"nan","nan","nan",4057944,NA,NA,NA,0,0,0,0,NA,2018,"Nov",11,NA,NA,NA,NA,NA,NA
552,"Travis Scott",16700000,7979736581,"Music","Travis Scott",13,"United States","US","Music",564542,1920,1751,37623,9,150,113,1800,NA,2010,"Sep",1,88.2,328239523,14.7,270663028,37.09024,-95.712891
553,"Tu COSMOPOLIS",16700000,5089284369,"People & Blogs","Tu COSMOPOLIS",8741,"Mexico","MX","People",1337,19,35,16139000,4000,64600,48400,774700,NA,2014,"Aug",28,40.2,126014024,3.42,102626859,23.634501,-102.552784
555,"Werever2morro",16600000,2798273962,"Entertainment","werever2morro",0,"Mexico","MX","Games",4057944,4248,7462,NA,0,0,0,0,NA,2010,"Dec",7,40.2,126014024,3.42,102626859,23.634501,-102.552784
556,"IDEAS EN 5 MINUTOS",16600000,3696973456,"Howto & Style","Ideas En 5 Minutos",216,"Spain","ES","nan",3108857,2753,NA,65470,16,262,196,3100,NA,2017,"Apr",2,88.9,47076781,13.96,37927409,40.463667,-3.74922
565,"FunFun Toy Doll TV",16500000,7406207930,"Entertainment","FunFun Toy Doll TV",735,"United States","US","Entertainment",757,137,133,24378000,6100,97500,73100,1200000,NA,2016,"May",31,88.2,328239523,14.7,270663028,37.09024,-95.712891
566,"Sandra Cires Art",16400000,3955426159,"Howto & Style","Sandra Cires Art",1091,"United States","US","Entertainment",1938,138,134,18028000,4500,72100,54100,865300,NA,2011,"Sep",27,88.2,328239523,14.7,270663028,37.09024,-95.712891
567,"Kaykai Salaider",16400000,4434679706,"Comedy","Kaykai Salaider",428,"Thailand","TH","Entertainment",1636,9,134,9341000,2300,37400,28000,448400,NA,2011,"Jan",24,49.3,69625582,0.75,35294600,15.870032,100.992541
570,"RCTI - LAYAR DRAMA INDONESIA",16400000,13478392540,"Entertainment","RCTI - LAYAR DRAMA INDONESIA",1,"nan","nan","People",4057943,NA,7724,NA,0,0,0,0,NA,2020,"Oct",19,NA,NA,NA,NA,NA,NA
571,"Alfredo Larin",16400000,14431830557,"Entertainment","Alfredo Larin",1,"nan","nan","Entertainment",4057780,NA,6788,1,0,0,0,0.05,NA,2015,"Nov",23,NA,NA,NA,NA,NA,NA
573,"Matt Stonie",16300000,3527627264,"Entertainment","MattStonie",54,"United States","US","Entertainment",283499,1874,1836,29735,7,119,89,1400,NA,2010,"Jun",19,88.2,328239523,14.7,270663028,37.09024,-95.712891
574,"Boyce Avenue",16300000,6578828147,"Music","Boyce Avenue",490,"United States","US","Music",913,139,117,28787000,7200,115100,86400,1400000,NA,2007,"Sep",2,88.2,328239523,14.7,270663028,37.09024,-95.712891
576,"Little Mix",16300000,7520242626,"Music","Little Mix",278,"United Kingdom","GB","Music",740,22,117,38604000,9700,154400,115800,1900000,NA,2011,"Nov",30,60,66834405,3.85,55908316,55.378051,-3.435973
577,"SAM SMITH",16300000,10170264839,"Music","SAM SMITH",230,"United Kingdom","GB","Entertainment",428,22,135,85778000,21400,343100,257300,4100000,NA,2012,"Sep",14,60,66834405,3.85,55908316,55.378051,-3.435973
578,"Pitbull",16300000,12475714382,"Music","Pitbull",352,"United States","US","Music",308,139,117,88004000,22000,352000,264000,4200000,NA,2006,"Jul",5,88.2,328239523,14.7,270663028,37.09024,-95.712891
581,"W2S",16300000,4768370464,"Gaming","W2S",652,"United Kingdom","GB","Entertainment",1455,22,135,3079000,770,12300,9200,147800,NA,2012,"Jul",26,60,66834405,3.85,55908316,55.378051,-3.435973
582,"Jennifer Lopez",16200000,10227242833,"Music","Jennifer Lopez",258,"United States","US","Music",426,140,118,63441000,15900,253800,190300,3e+06,NA,2005,"Nov",18,88.2,328239523,14.7,270663028,37.09024,-95.712891
583,"Kids Play",16200000,8091706232,"Entertainment","Kids Play",593,"United States","US","Entertainment",636,140,136,25912000,6500,103600,77700,1200000,NA,2018,"May",14,88.2,328239523,14.7,270663028,37.09024,-95.712891
590,"AdMe",16200000,4488680903,"Entertainment","Aday Cï¿½ï¿½ï¿½ï¿½ï",10,"Spain","ES","Music",4048675,4228,5766,4,0,0.02,0.01,0.19,NA,2006,"May",2,88.9,47076781,13.96,37927409,40.463667,-3.74922
592,"Dyland PROS",16100000,1517638132,"Entertainment","Dyland PROS",2805,"Indonesia","ID","Games",6986,21,41,9619000,2400,38500,28900,461700,NA,2015,"Jan",28,36.3,270203917,4.69,151509724,-0.789275,113.921327
593,"Live",16100000,0,"nan","Live",0,"nan","nan","nan",4057944,NA,NA,NA,0,0,0,0,NA,2015,"Jan",13,NA,NA,NA,NA,NA,NA
595,"Canal IN",16100000,2687443643,"People & Blogs","Canal IN",723,"Brazil","BR","Entertainment",3338,32,137,13802000,3500,55200,41400,662500,NA,2017,"Jul",21,51.3,212559417,12.08,183241641,-14.235004,-51.92528
601,"La Rosa de Guadalupe",16100000,9642146451,"Entertainment","larosadeguadalupe",0,"Mexico","MX","Games",4057944,4258,7472,NA,0,0,0,0,NA,2008,"Sep",3,40.2,126014024,3.42,102626859,23.634501,-102.552784
603,"wifistudy",16000000,3018032423,"Education","wifistudy by Unacademy",52144,"India","IN","Education",2855,94,30,14287000,3600,57100,42900,685800,NA,2014,"Jul",26,28.1,1366417754,5.36,471031528,20.593684,78.96288
604,"Antrax",16000000,3029872908,"Gaming","Antrax",687,"Mexico","MX","Games",2844,23,42,4698000,1200,18800,14100,225500,NA,2015,"May",25,40.2,126014024,3.42,102626859,23.634501,-102.552784
608,"DopeLyrics",15900000,9962188084,"Music","DopeLyrics",2035,"United States","US","Music",444,142,120,9915000,2500,39700,29700,475900,NA,2016,"Jun",9,88.2,328239523,14.7,270663028,37.09024,-95.712891
609,"jeffreestar",15900000,2609358468,"Howto & Style","jeffreestar",433,"United States","US","Howto",3474,142,20,2006000,502,8000,6000,96300,NA,2006,"Feb",14,88.2,328239523,14.7,270663028,37.09024,-95.712891
618,"Volga Video",15700000,9787697838,"Film & Animation","Volga Video",16874,"India","IN","Entertainment",463,97,139,51315000,12800,205300,153900,2500000,NA,2012,"Mar",23,28.1,1366417754,5.36,471031528,20.593684,78.96288
621,"Team Films Bhojpuri",15700000,6626563508,"Music","Team Films Bhojpuri",19703,"India","IN","Music",902,97,121,30744000,7700,123000,92200,1500000,NA,2014,"Jul",18,28.1,1366417754,5.36,471031528,20.593684,78.96288
624,"Caeli YT",15600000,1511794214,"Entertainment","Caeli YT",483,"Mexico","MX","Entertainment",7440,24,140,62551000,0,0,0,0,NA,2010,"Sep",22,40.2,126014024,3.42,102626859,23.634501,-102.552784
628,"5-Minute Crafts FAMILY",15600000,6165757696,"People & Blogs","5-Minute Crafts FAMILY",4245,"United States","US","Howto",1005,145,21,27382000,6800,109500,82100,1300000,NA,2018,"Dec",13,88.2,328239523,14.7,270663028,37.09024,-95.712891
630,"Super Senya",15500000,5070970714,"Entertainment","Super Senya",0,"nan","nan","nan",4057944,NA,NA,NA,0,0,0,0,NA,2017,"Jul",27,NA,NA,NA,NA,NA,NA
634,"Henrique e Juliano",15500000,14619523361,"Music","Henrique e Juliano",325,"Brazil","BR","Music",236,35,123,163678000,40900,654700,491000,7900000,NA,2009,"Jun",27,51.3,212559417,12.08,183241641,-14.235004,-51.92528
637,"Talking Tom & Friends",15500000,6396049701,"Entertainment","Talking Tom & Friends",417,"United States","US","Film",956,146,34,27375000,6800,109500,82100,1300000,NA,2010,"Oct",14,88.2,328239523,14.7,270663028,37.09024,-95.712891
642,"Roman Atwood Vlogs",15400000,5469103954,"People & Blogs","Roman Atwood Vlogs",1756,"United States","US","People",1201,147,42,1583000,396,6300,4700,76000,NA,2013,"Aug",12,88.2,328239523,14.7,270663028,37.09024,-95.712891
646,"Kerajinan 5-Menit",15400000,4750420071,"People & Blogs","Kerajinan 5-Menit",4186,"Indonesia","ID","Howto",1461,23,23,19740000,4900,79000,59200,947500,NA,2018,"Nov",21,36.3,270203917,4.69,151509724,-0.789275,113.921327
648,"Dave and Ava - Nursery Rhymes and Baby Songs",15300000,10714145606,"Education","Dave and Ava - Nursery Rhymes and Baby Songs",851,"United States","US","Education",390,148,33,77053000,19300,308200,231200,3700000,NA,2014,"Dec",4,88.2,328239523,14.7,270663028,37.09024,-95.712891
649,"LOKESH GAMER",15300000,1640078055,"Gaming","LOKESH GAMER",1397,"India","IN","Games",6356,101,46,5920000,1500,23700,17800,284200,NA,2017,"Nov",16,28.1,1366417754,5.36,471031528,20.593684,78.96288
654,"Niana Guerrero",15200000,1491452935,"Entertainment","Niana Guerrero",443,"Philippines","PH","Entertainment",7153,6,144,9980000,2500,39900,29900,479000,NA,2013,"Apr",11,35.5,108116615,2.15,50975903,12.879721,121.774017
658,"Oyuncak Avï¿",15200000,8333387785,"Entertainment","Oyuncak Avï¿",654,"Turkey","TR","Entertainment",615,5,144,4427000,1100,17700,13300,212500,NA,2014,"Dec",29,23.9,83429615,13.49,63097818,38.963745,35.243322
661,"It's Mamix",15100000,1777072487,"People & Blogs","It's Mamix",210,"United States","US","People",5778,150,44,15984000,4000,63900,48000,767200,NA,2017,"Feb",1,88.2,328239523,14.7,270663028,37.09024,-95.712891
664,"Musas",15100000,2400037562,"Howto & Style","Jordi Sala",159,"Andorra","AD","People",3889418,504,7615,86,0.02,0.34,0.26,4,NA,2006,"Mar",12,NA,NA,NA,NA,NA,NA
665,"Ranz Kyle",15100000,1760131384,"People & Blogs","Ranz Kyle",533,"Philippines","PH","Entertainment",5849,7,145,12376000,3100,49500,37100,594000,NA,2008,"Apr",27,35.5,108116615,2.15,50975903,12.879721,121.774017
667,"Mariale",15100000,2761547758,"Howto & Style","Mariale",2618,"United States","US","Entertainment",3241,150,145,11956000,3000,47800,35900,573900,NA,2010,"Jan",6,88.2,328239523,14.7,270663028,37.09024,-95.712891
668,"Makiman131",15100000,4236036141,"Gaming","Makiman131",2997,"Spain","ES","Entertainment",1760,12,145,5972000,1500,23900,17900,286600,NA,2013,"Feb",12,88.9,47076781,13.96,37927409,40.463667,-3.74922
669,"Hongyu ASMR ï¿½ï¿½",15100000,4967784343,"People & Blogs","Hongyu ASMR ï¿½ï¿½ï",1,"nan","nan","People",4057925,NA,7694,NA,0,0,0,0,NA,2021,"Mar",16,NA,NA,NA,NA,NA,NA
672,"BIGBANG",15100000,7857371770,"Music","BIGBANG",776,"South Korea","KR","Music",680,13,127,40806000,10200,163200,122400,2e+06,NA,2005,"Oct",10,94.3,51709098,4.15,42106719,35.907757,127.766922
679,"Little Angel - Mï¿½ï¿½ï¿½ï¿½ï¿½ï¿½ï¿½ï¿½ï¿½ï¿½",15000000,8897705695,"Entertainment","Little Angel - Mï¿½ï¿½ï¿½ï¿½ï¿½ï¿½ï¿½ï¿½ï¿½ï¿½ï¿½",795,"Brazil","BR","Education",548,36,34,145478000,36400,581900,436400,7e+06,NA,2018,"Jan",26,51.3,212559417,12.08,183241641,-14.235004,-51.92528
680,"League of Legends",15000000,7159750970,"Gaming","League of Legends",1362,"United States","US","Games",805,151,48,43133000,10800,172500,129400,2100000,NA,2009,"Feb",9,88.2,328239523,14.7,270663028,37.09024,-95.712891
681,"TheRichest",15000000,2730879024,"Education","Therichest",0,"United States","US","Games",4057944,7692,7445,NA,0,0,0,0,NA,2006,"May",25,88.2,328239523,14.7,270663028,37.09024,-95.712891
685,"Republic Bharat",15000000,7536093065,"News & Politics","Gyani Beast",206,"India","IN","News",1145576,2573,1992,998,0.25,4,3,48,NA,2018,"Aug",16,28.1,1366417754,5.36,471031528,20.593684,78.96288
688,"BigSchool",15000000,9996133066,"Gaming","Big School",68,"nan","nan","Film",4056600,NA,5289,NA,0,0,0,0,NA,2020,"Dec",2,NA,NA,NA,NA,NA,NA
692,"Zï¿½ï¿½ï¿½ï¿½ï¿½ï¿½ï",15000000,11506702632,"Music","Zï¿½ï¿½ï¿½ï¿½ï¿½ï¿½ï",340,"Brazil","BR","Music",347,36,128,182871000,45700,731500,548600,8800000,NA,2012,"Apr",3,51.3,212559417,12.08,183241641,-14.235004,-51.92528
696,"ERB",14900000,4033400167,"Entertainment","ERB",86,"United States","US","Entertainment",1886,152,147,11043000,2800,44200,33100,530100,NA,2006,"Feb",8,88.2,328239523,14.7,270663028,37.09024,-95.712891
701,"ýýýýýý",14900000,439098,"People & Blogs","ýýýýýý",1,"Russia","RU","News",3609784,10,19,7697,2,31,23,369,NA,2008,"Aug",11,81.9,144373535,4.59,107683889,61.52401,105.318756
704,"Fueled By Ramen",14800000,13356517783,"Music","Fueled By Ramen",1210,"United States","US","Entertainment",276,153,148,61205000,15300,244800,183600,2900000,NA,2006,"Jun",9,88.2,328239523,14.7,270663028,37.09024,-95.712891
705,"CrashCourse",14800000,1833519700,"Education","CrashCourse",1481,"United States","US","Education",5533,153,35,7177000,1800,28700,21500,344500,NA,2006,"May",20,88.2,328239523,14.7,270663028,37.09024,-95.712891
706,"MattyBRaps",14800000,3587576784,"Music","MattyBRaps",195,"United States","US","Music",2226,153,130,22980000,5700,91900,68900,1100000,NA,2010,"May",31,88.2,328239523,14.7,270663028,37.09024,-95.712891
707,"Lachlan",14800000,5269059435,"Gaming","Lachlan",3834,"Australia","AU","Games",1253,7,50,21072000,5300,84300,63200,1e+06,NA,2013,"Mar",19,113.1,25766605,5.27,21844756,-25.274398,133.775136
708,"ýýýýýýýý ýýýýýýýý",14800000,7018015062,"Howto & Style","ýýýýýýýý ýýýýýýýý",2387,"Ukraine","UA","Howto",828,3,25,47117000,11800,188500,141400,2300000,NA,2015,"Oct",12,82.7,44385155,8.88,30835699,48.379433,31.16558
709,"Meghan Trainor",14800000,8649303688,"People & Blogs","Meghan Trainor",233,"United States","US","Music",580,153,130,51645000,12900,206600,154900,2500000,NA,2008,"Jun",4,88.2,328239523,14.7,270663028,37.09024,-95.712891
710,"Jorge & Mateus Oficial",14800000,9076642765,"Music","Jorge & Mateus Oficial",318,"Brazil","BR","Music",529,38,130,88120000,22000,352500,264400,4200000,NA,2008,"Jul",29,51.3,212559417,12.08,183241641,-14.235004,-51.92528
711,"Major Lazer Official",14800000,9383431376,"Music","MajorLazerOfficial",0,"nan","nan","nan",4057944,NA,NA,NA,0,0,0,0,NA,2013,"Jun",14,NA,NA,NA,NA,NA,NA
714,"5-Minute Crafts Recycle",14800000,8866012877,"People & Blogs","5-Minute Crafts Recycle",3867,"United States","US","Howto",554,153,25,53181000,13300,212700,159500,2600000,NA,2019,"Jun",7,88.2,328239523,14.7,270663028,37.09024,-95.712891
715,"ýýýýýýýýýý ýýýýýýýýýýýý",14700000,2230986039,"Entertainment","ýýýýýýýýýý ýýýýýýýýýýýý",1385,"Saudi Arabia","SA","Entertainment",4276,5,149,2694000,673,10800,8100,129300,NA,2016,"May",27,68,34268528,5.93,28807838,23.885942,45.079162
716,"Maha Fun Tv",14700000,1321380490,"Entertainment","Maha Fun Tv",85,"United States","US","Entertainment",8317,154,149,4781000,1200,19100,14300,229500,NA,2017,"Sep",5,88.2,328239523,14.7,270663028,37.09024,-95.712891
718,"The Slow Mo Guys",14700000,2465473772,"Entertainment","The Slow Mo Guys",317,"United States","US","Education",3746,154,36,18978000,4700,75900,56900,911000,NA,2010,"Aug",15,88.2,328239523,14.7,270663028,37.09024,-95.712891
721,"CollegeHumor",14700000,7255848125,"Comedy","CollegeHumor",4340,"United States","US","Comedy",798,154,30,55583000,0,0,0,0,NA,2006,"Oct",9,88.2,328239523,14.7,270663028,37.09024,-95.712891
727,"Auron",14600000,3337074920,"People & Blogs","Auron",961,"Spain","ES","Games",2455,14,51,60568000,15100,242300,181700,2900000,NA,2013,"Dec",12,88.9,47076781,13.96,37927409,40.463667,-3.74922
729,"Planeta das Gï¿½ï¿½",14600000,4622581344,"People & Blogs","Planeta das Gï¿½ï¿½",951,"Brazil","BR","Entertainment",1534,40,150,10547000,2600,42200,31600,506300,NA,2015,"Nov",21,51.3,212559417,12.08,183241641,-14.235004,-51.92528
731,"Martin Garrix",14600000,6017932195,"Music","Martin Garrix",365,"United States","US","Music",1044,155,131,35528000,8900,142100,106600,1700000,NA,2011,"Jan",15,88.2,328239523,14.7,270663028,37.09024,-95.712891
733,"Fifth Harmony",14600000,7952268926,"Music","Fifth Harmony",67,"United States","US","Music",659,155,131,37632000,9400,150500,112900,1800000,NA,2013,"Feb",21,88.2,328239523,14.7,270663028,37.09024,-95.712891
736,"LEGENDA FUNK",14500000,2440718089,"Music","LegendaFUNK",0,"Brazil","BR","Music",NA,NA,NA,NA,0,0,0,0,NA,NA,"nan",NA,51.3,212559417,12.08,183241641,-14.235004,-51.92528
737,"Like Nastya Stories",14500000,6944967581,"Entertainment","Like Nastya Stories",479,"United States","US","Entertainment",848,156,151,29941000,7500,119800,89800,1400000,NA,2019,"Sep",9,88.2,328239523,14.7,270663028,37.09024,-95.712891
738,"les boys tv2",14500000,4577292740,"Entertainment","les boys tv2",453,"United States","US","Film",1565,156,39,449576,112,1800,1300,21600,NA,2017,"Feb",7,88.2,328239523,14.7,270663028,37.09024,-95.712891
740,"IDEIAS INCRï¿½ï¿½",14500000,3551889957,"Howto & Style","IDEIAS INCRï¿½ï¿½",5430,"Brazil","BR","Howto",2269,41,26,2838000,709,11400,8500,136200,NA,2017,"Oct",30,51.3,212559417,12.08,183241641,-14.235004,-51.92528
741,"Reaction Time",14500000,4260187928,"Entertainment","Reaction Time",1717,"United States","US","Entertainment",1747,156,151,9910000,2500,39600,29700,475700,NA,2015,"Apr",25,88.2,328239523,14.7,270663028,37.09024,-95.712891
744,"Boram Tube ToysReview [ï¿½ï¿½ï¿½ï¿½ï¿½ï¿½ï¿½ï¿½ï¿",14500000,5014888374,"People & Blogs","Boram Tube ToysReview [ï¿½ï¿½ï¿½ï¿½ï¿½ï¿½ï¿½ï¿½ï",618,"South Korea","KR","People",1364,14,47,4960000,1200,19800,14900,238100,NA,2016,"May",18,94.3,51709098,4.15,42106719,35.907757,127.766922
746,"Telemundo",14500000,8582696157,"Entertainment","Telemundo",19201,"United States","US","Entertainment",592,156,151,48285000,12100,193100,144900,2300000,NA,2007,"Jan",3,88.2,328239523,14.7,270663028,37.09024,-95.712891
749,"Maroon5VEVO",14500000,20042571499,"Music","Maroon5VEVO",147,"United States","US","Music",123,156,132,98185000,24500,392700,294600,4700000,NA,2009,"May",12,88.2,328239523,14.7,270663028,37.09024,-95.712891
750,"Saad Lamjarred | ï¿½ï¿½ï¿½ï¿½ï¿½ï¿",14500000,4315486422,"Music","Saad Lamjarred | ï¿½ï¿½ï¿½ï¿½ï¿½ï¿",176,"Morocco","MA","Music",1710,1,132,37577000,9400,150300,112700,1800000,NA,2012,"Dec",22,35.9,36910560,9.02,22975026,31.791702,-7.09262
752,"Lilly Singh",14500000,3517662420,"Comedy","Lilly Singh",1064,"Canada","CA","Comedy",2297,8,31,5329000,1300,21300,16000,255800,NA,2010,"Oct",29,68.9,36991981,5.56,30628482,56.130366,-106.346771
755,"Drawblogs",14400000,1629801448,"Entertainment","Drawblogs",399,"Peru","PE","Entertainment",6402,1,152,1002000,251,4000,3000,48100,NA,2014,"May",20,70.7,32510453,3.31,25390339,-9.189967,-75.015152
757,"ýýýýýýýýýýýý ýýýýýýýýýýýý I ýýýýýý ýý ýýýýýýýýýý",14400000,2972474215,"Entertainment","ýýýýýýýýýýýý ýýýýýýýýýýýý I ýýýýýý ýý ýýýýýýýýý",381,"Saudi Arabia","SA","Entertainment",2934,6,152,4673000,1200,18700,14000,224300,NA,2017,"Dec",1,68,34268528,5.93,28807838,23.885942,45.079162
758,"Cyprien",14400000,3086254545,"Comedy","Cyprien",222,"France","FR","Comedy",2767,2,32,11417000,2900,45700,34300,548000,NA,2007,"Feb",25,65.6,67059887,8.43,54123364,46.227638,2.213749
759,"Rclbeauty101",14400000,3900312631,"Comedy","Rclbeauty101",463,"United States","US","Entertainment",1986,157,152,8636000,2200,34500,25900,414500,NA,2010,"Dec",14,88.2,328239523,14.7,270663028,37.09024,-95.712891
762,"Rosanna Pansino",14400000,4597228794,"Howto & Style","Rosanna Pansino",1248,"United States","US","Howto",1552,157,27,26683000,6700,106700,80000,1300000,NA,2010,"Apr",8,88.2,328239523,14.7,270663028,37.09024,-95.712891
763,"Harry Styles",14400000,5689224452,"People & Blogs","harrystyles",0,"United States","US","Games",4037956,7574,7340,NA,0,0,0,0,NA,NA,"nan",NA,88.2,328239523,14.7,270663028,37.09024,-95.712891
764,"Vlad and Niki PRT",14400000,6543282459,"nan","Vlad and Niki PRT",516,"United States","US","Entertainment",918,157,152,40089000,10000,160400,120300,1900000,NA,2018,"Nov",3,88.2,328239523,14.7,270663028,37.09024,-95.712891
767,"SelenaGomezVEVO",14400000,11423792969,"Music","SelenaGomezVEVO",186,"United States","US","Music",354,157,133,88657000,22200,354600,266000,4300000,NA,2009,"Nov",24,88.2,328239523,14.7,270663028,37.09024,-95.712891
770,"Rebecca Zamolo",14300000,6388439235,"Comedy","RebeccaZamolo",1,"United States","US","Entertainment",4054606,6342,5464,NA,0,0,0,0,NA,2011,"Aug",4,88.2,328239523,14.7,270663028,37.09024,-95.712891
771,"Wish 107.5",14200000,6048517979,"Music","Wish 107.5",1823,"Philippines","PH","Music",1036,8,134,62658000,15700,250600,188000,3e+06,NA,2014,"Jul",13,35.5,108116615,2.15,50975903,12.879721,121.774017
772,"Invento na Hora",14200000,4040297006,"Film & Animation","Invento na Hora",1281,"Brazil","BR","Entertainment",1877,43,154,19029000,4800,76100,57100,913400,NA,2014,"Oct",18,51.3,212559417,12.08,183241641,-14.235004,-51.92528
774,"NikkieTutorials",14200000,1778318927,"Howto & Style","NikkieTutorials",876,"Netherlands","NL","Entertainment",5764,2,154,35934000,9000,143700,107800,1700000,NA,2008,"Jun",23,85,17332850,3.2,15924729,52.132633,5.291266
778,"Crazy Frog",14200000,7946322061,"Music","CrazyFrog",0,"nan","nan","Games",4057944,NA,7453,NA,0,0,0,0,NA,2005,"Oct",2,NA,NA,NA,NA,NA,NA
782,"DangMattSmith",14200000,3317805543,"Entertainment","DangMattSmith",1724,"United States","US","Entertainment",2485,159,154,12902000,3200,51600,38700,619300,NA,2011,"Aug",18,88.2,328239523,14.7,270663028,37.09024,-95.712891
784,"#Refugio Mental",14100000,3594936775,"Entertainment","#Refugio Mental",846,"nan","nan","Entertainment",2218,NA,155,6942000,1700,27800,20800,333200,NA,2013,"Aug",10,NA,NA,NA,NA,NA,NA
790,"MalumaVEVO",14100000,19013942981,"Music","MalumaVEVO",182,"United States","US","Music",138,160,135,98834000,24700,395300,296500,4700000,NA,2011,"Jun",15,88.2,328239523,14.7,270663028,37.09024,-95.712891
791,"F2Freestylers - Ultimate Soccer Skills Channel",14100000,3280481927,"Sports","F2Freestylers - Ultimate Soccer Skills Channï¿½",777,"United Kingdom","GB","Sports",2530,28,10,10222000,2600,40900,30700,490600,NA,2011,"Apr",9,60,66834405,3.85,55908316,55.378051,-3.435973
793,"AM3NlC",14000000,4959982720,"Gaming","AM3NlC",5757,"Brazil","BR","People",1392,45,49,10210000,2600,40800,30600,490100,NA,2012,"Dec",15,51.3,212559417,12.08,183241641,-14.235004,-51.92528
794,"Narins Beauty",14000000,2214167846,"Howto & Style","Narins Beauty",431,"Sweden","SE","Entertainment",4325,3,156,13709000,3400,54800,41100,658000,NA,2014,"Sep",24,67,10285453,6.48,9021165,60.128161,18.643501
798,"Gallina Pintadita",14000000,9660950823,"Music","Gallina Pintadita",62,"Mexico","MX","Film",477,29,40,70626000,17700,282500,211900,3400000,NA,2011,"Aug",2,40.2,126014024,3.42,102626859,23.634501,-102.552784
801,"Zee Telugu",14000000,12597067132,"Entertainment","zeetelugu",3,"India","IN","Music",4039216,4651,4603,7,0,0.03,0.02,0.34,NA,2007,"Jan",31,28.1,1366417754,5.36,471031528,20.593684,78.96288
805,"Darkar Company Studios",13900000,2244318380,"Film & Animation","Darkar Company Studios",183,"United States","US","Comedy",4234,161,35,4598000,1100,18400,13800,220700,NA,2009,"Feb",15,88.2,328239523,14.7,270663028,37.09024,-95.712891
808,"ADEL et SAMI",13900000,5465532801,"Entertainment","ADEL et SAMI",503,"United States","US","Entertainment",1200,161,157,26883000,6700,107500,80600,1300000,NA,2018,"Mar",12,88.2,328239523,14.7,270663028,37.09024,-95.712891
809,"Jamuna TV",13900000,12129583055,"News & Politics","jamuna tv24",6,"Bangladesh","BD","Entertainment",4056658,3776,6756,1,0,0,0,0.05,NA,2021,"Feb",10,20.6,167310838,4.19,60987417,23.684994,90.356331
824,"MAIKI021",13700000,1950178163,"Entertainment","MAIKI021",3298,"Brazil","BR","Entertainment",5135,47,159,7438000,1900,29800,22300,357000,NA,2008,"Jan",22,51.3,212559417,12.08,183241641,-14.235004,-51.92528
827,"MyMissAnand",13700000,4963275018,"People & Blogs","MyMissAnand",340,"India","IN","Entertainment",1387,113,159,27882000,7000,111500,83600,1300000,NA,2014,"Jul",22,28.1,1366417754,5.36,471031528,20.593684,78.96288
828,"FAPTV",13700000,5457203710,"Comedy","FAPTV",863,"Vietnam","VN","Comedy",1205,3,36,35124000,8800,140500,105400,1700000,NA,2014,"Feb",26,28.5,96462106,2.01,35332140,14.058324,108.277199
829,"Wesley Safadï¿½",13700000,8134379376,"Music","Wesley Safadï¿½",438,"Brazil","BR","Music",631,47,139,64059000,16000,256200,192200,3100000,NA,2009,"Jun",21,51.3,212559417,12.08,183241641,-14.235004,-51.92528
831,"Desi Gamers",13700000,2135195239,"Gaming","Desi gamers",1,"nan","nan","Tech",4057849,NA,4183,5,0,0.02,0.02,0.24,NA,2020,"Apr",14,NA,NA,NA,NA,NA,NA
838,"Saturday Night Live",13600000,14717282742,"Entertainment","Saturday Night Live",8335,"United States","US","Comedy",232,164,37,56626000,14200,226500,169900,2700000,NA,2013,"Jul",23,88.2,328239523,14.7,270663028,37.09024,-95.712891
839,"BUDI01 GAMING",13500000,1181292450,"Gaming","BUDI01 GAMING",319,"Indonesia","ID","Games",9540,29,61,13436000,3400,53700,40300,644900,NA,2019,"Jul",19,36.3,270203917,4.69,151509724,-0.789275,113.921327
840,"Typical Gamer",13500000,4301581610,"Gaming","Typical Gamer",4312,"Canada","CA","Games",1716,11,61,32557000,8100,130200,97700,1600000,NA,2008,"Aug",24,68.9,36991981,5.56,30628482,56.130366,-106.346771
841,"Anaysa",13500000,3445794123,"Howto & Style","Anaysa",591,"India","IN","Howto",2364,115,30,29706000,7400,118800,89100,1400000,NA,2012,"Mar",10,28.1,1366417754,5.36,471031528,20.593684,78.96288
848,"Conor Maynard",13500000,2750993392,"Music","Conor Maynard",321,"United States","US","Music",3257,165,140,10787000,2700,43100,32400,517800,NA,2006,"May",19,88.2,328239523,14.7,270663028,37.09024,-95.712891
852,"The World Adventures ï¿½ï¿½ï¿½ï¿½ï¿½ï¿½",13400000,2139769210,"People & Blogs","The World Adventures ï¿½ï¿½ï¿½ï¿½ï¿½ï¿½",1028,"India","IN","People",4540,116,53,1043000,261,4200,3100,50100,NA,2016,"Sep",9,28.1,1366417754,5.36,471031528,20.593684,78.96288
854,"Blockbuster Movies",13400000,2650061211,"Entertainment","Blockbuster Movies",0,"India","IN","nan",4057944,5589,NA,NA,0,0,0,0,NA,2017,"Jul",4,28.1,1366417754,5.36,471031528,20.593684,78.96288
855,"ATHLEAN-Xï¿½",13400000,2319515787,"Howto & Style","ATHLEAN-Xï¿½",1349,"United States","US","Howto",4039,166,31,14498000,3600,58000,43500,695900,NA,2006,"Dec",16,88.2,328239523,14.7,270663028,37.09024,-95.712891
856,"My Mate Nate",13400000,3363634923,"Comedy","My Mate Nate",1195,"Thailand","TH","Entertainment",2436,15,162,41672000,10400,166700,125000,2e+06,NA,2014,"Dec",8,49.3,69625582,0.75,35294600,15.870032,100.992541
857,"H2ODelirious",13400000,4356686216,"Gaming","H2ODelirious",3727,"United States","US","Games",1683,166,62,16785000,4200,67100,50400,805700,NA,2007,"May",24,88.2,328239523,14.7,270663028,37.09024,-95.712891
862,"theRadBrad",13300000,6050102764,"Gaming","theRadBrad",8195,"United States","US","Games",1038,167,63,15694000,3900,62800,47100,753300,NA,2006,"Nov",27,88.2,328239523,14.7,270663028,37.09024,-95.712891
863,"Matt Steffanina",13300000,3299216601,"Entertainment","Matt Steffanina",331,"United States","US","Entertainment",14275,692,694,1929000,482,7700,5800,92600,NA,2007,"Nov",28,88.2,328239523,14.7,270663028,37.09024,-95.712891
865,"Kurt Hugo Schneider",13300000,3733856870,"Entertainment","Kurt Hugo Schneider",698,"United States","US","Entertainment",2110,167,163,4233000,1100,16900,12700,203200,NA,2007,"Oct",16,88.2,328239523,14.7,270663028,37.09024,-95.712891
869,"VexTrex",13300000,7923901253,"Entertainment","VexTrex",2411,"Ukraine","UA","Entertainment",669,5,163,379346000,0,0,0,0,NA,2014,"Sep",8,82.7,44385155,8.88,30835699,48.379433,31.16558
872,"Kabita's Kitchen",13300000,2831275503,"Howto & Style","Kabita's Kitchen",1489,"India","IN","Howto",3123,117,32,43118000,10800,172500,129400,2100000,NA,2014,"Oct",7,28.1,1366417754,5.36,471031528,20.593684,78.96288
877,"Brawl Stars",13200000,2036408398,"Gaming","Brawl Stars",172,"Finland","FI","Games",4846,1,64,20369000,5100,81500,61100,977700,NA,2017,"Apr",28,88.2,5520314,6.59,4716888,61.92411,25.748151
878,"Ei Nerd",13200000,3568392223,"Entertainment","Einerd",0,"nan","nan","Games",4057944,NA,7399,NA,0,0,0,0,NA,2007,"Nov",19,NA,NA,NA,NA,NA,NA
879,"Sonotek Bhakti",13200000,3789736218,"Entertainment","Sonotek Bhakti",8019,"India","IN","Music",2063,118,142,25321000,6300,101300,76000,1200000,NA,2010,"Dec",27,28.1,1366417754,5.36,471031528,20.593684,78.96288
883,"jbalvinVEVO",13200000,20743586601,"Music","jbalvinVEVO",237,"Colombia","CO","Music",113,10,142,86270000,21600,345100,258800,4100000,NA,2010,"Sep",30,55.3,50339443,9.71,40827302,4.570868,-74.297333
886,"CookingShooking Hindi",13200000,1758603195,"People & Blogs","CookingShooking Hindi",393,"India","IN","Howto",5855,118,33,11490000,2900,46000,34500,551500,NA,2017,"Apr",4,28.1,1366417754,5.36,471031528,20.593684,78.96288
888,"Alex Gonzaga Official",13100000,1401914513,"People & Blogs","Alex Gonzaga Official",287,"Philippines","PH","People",7733,11,56,10848000,2700,43400,32500,520700,NA,2017,"Jul",18,35.5,108116615,2.15,50975903,12.879721,121.774017
892,"Knowledge Tv ï¿½ï¿½ï¿½ï¿½ï¿½ï¿½",13100000,1936582704,"People & Blogs","Knowledge Tv ï¿½ï¿½ï¿½ï¿½ï¿½ï¿½",7,"nan","nan","People",4054334,NA,7714,2,0,0.01,0.01,0.1,NA,2019,"Nov",24,NA,NA,NA,NA,NA,NA
896,"Hungria Hip Hop",13100000,4608751851,"Music","Hungria Hip Hop",73,"Brazil","BR","Music",1541,50,143,48223000,12100,192900,144700,2300000,NA,2013,"Apr",13,51.3,212559417,12.08,183241641,-14.235004,-51.92528
898,"RedeTV",13100000,5333569294,"Entertainment","RedeTV",36760,"Brazil","BR","Entertainment",1240,50,165,17588000,4400,70400,52800,844200,NA,2011,"Oct",18,51.3,212559417,12.08,183241641,-14.235004,-51.92528
899,"twenty one pilots",13100000,5264039679,"Music","twenty one pilots",194,"United States","US","Music",1255,169,143,50922000,12700,203700,152800,2400000,NA,2009,"Sep",5,88.2,328239523,14.7,270663028,37.09024,-95.712891
902,"Everson Zoio",13000000,1024467771,"Comedy","Everson Zoio",625,"Brazil","BR","Entertainment",11340,51,166,3052000,763,12200,9200,146500,NA,2009,"Mar",26,51.3,212559417,12.08,183241641,-14.235004,-51.92528
905,"Jomy Production",13000000,5057163256,"Entertainment","SRK Edie soon",8,"India","IN","nan",3686280,5227,NA,2,0,0.01,0.01,0.1,NA,2021,"Mar",18,28.1,1366417754,5.36,471031528,20.593684,78.96288
907,"JesseAndMike",13000000,9999238237,"Entertainment","JesseAndMike",716,"United States","US","Entertainment",440,170,166,41109000,10300,164400,123300,2e+06,NA,2007,"Apr",29,88.2,328239523,14.7,270663028,37.09024,-95.712891
910,"7 Minutoz",13000000,4349562794,"Music","7 Minutoz",521,"Brazil","BR","Music",1692,51,144,29526000,7400,118100,88600,1400000,NA,2012,"Jun",4,51.3,212559417,12.08,183241641,-14.235004,-51.92528
911,"The LaBrant Fam",13000000,4637474071,"Comedy","The LaBrant Fam",612,"United States","US","People",1557,170,57,42412000,0,0,0,0,NA,2012,"Aug",24,88.2,328239523,14.7,270663028,37.09024,-95.712891
913,"Matheus Yurley",12900000,140022442,"Entertainment","Matheus Yurley",69,"Brazil","BR","Entertainment",93531,52,167,147626,37,591,443,7100,NA,2015,"Jan",27,51.3,212559417,12.08,183241641,-14.235004,-51.92528
915,"BIBOï¿½ï¿½ï¿½ï¿½ï",12900000,3178222797,"Entertainment","BIBOï¿½ï¿½ï¿½ï¿½ï",193,"South Korea","KR","Entertainment",2649,16,167,4001000,1000,16000,12000,192100,NA,2016,"Aug",8,94.3,51709098,4.15,42106719,35.907757,127.766922
922,"The Shiny Peanut",12900000,2848466522,"Education","The Shiny Peanut",2337,"Indonesia","ID","Entertainment",3109,32,167,837700,209,3400,2500,40200,NA,2016,"Oct",26,36.3,270203917,4.69,151509724,-0.789275,113.921327
923,"Talking Angela",12800000,3632438963,"Entertainment","Talking Angela",233,"United Kingdom","GB","Film",2184,31,45,27957000,7000,111800,83900,1300000,NA,2014,"Sep",2,60,66834405,3.85,55908316,55.378051,-3.435973
924,"Melon City Show - ï¿½ï¿½ï¿½ï¿½ï¿½ï¿½ï¿½ï¿½ï¿½ï¿½ï¿",12800000,5863456698,"Comedy","Melon City Show - ï¿½ï¿½ï¿½ï¿½ï¿½ï¿½ï¿½ï¿½ï¿½ï¿",1727,"Iraq","IQ","Comedy",1087,2,40,35336000,8800,141300,106000,1700000,NA,2016,"Jan",30,16.2,39309783,12.82,27783368,33.223191,43.679291
926,"Troom Troom India",12800000,6804072897,"Howto & Style","Troom Troom India",2385,"nan","nan","Howto",873,NA,35,17270000,4300,69100,51800,829000,NA,2015,"Apr",19,NA,NA,NA,NA,NA,NA
927,"MrSuicideSheep",12800000,6970899521,"Entertainment","MrSuicideSheep",3483,"Canada","CA","Entertainment",842,13,168,18118000,4500,72500,54400,869600,NA,2010,"Apr",9,68.9,36991981,5.56,30628482,56.130366,-106.346771
930,"Beyoncï¿½ï¿½",12800000,14185611472,"Music","Beyoncï¿½ï¿½",168,"United States","US","Music",250,172,146,89566000,22400,358300,268700,4300000,NA,2009,"Sep",2,88.2,328239523,14.7,270663028,37.09024,-95.712891
934,"Adexe & Nau",12700000,4579773883,"Music","Adexe & Nau",594,"Spain","ES","Music",1563,18,147,10083000,2500,40300,30200,484000,NA,2013,"Dec",22,88.9,47076781,13.96,37927409,40.463667,-3.74922
936,"Jass Records",12700000,5958994201,"Music","JassRecords",1,"nan","nan","Music",4056853,NA,5789,1,0,0,0,0.05,NA,2012,"Feb",10,NA,NA,NA,NA,NA,NA
940,"#Refï¿½ï¿½ï¿½ï¿½",12700000,2709954270,"Entertainment","#Refugio Mental",846,"nan","nan","Entertainment",2218,NA,155,6942000,1700,27800,20800,333200,NA,2013,"Aug",10,NA,NA,NA,NA,NA,NA
941,"Piuzinho",12700000,1081285962,"Gaming","Piuzinho",504,"Brazil","BR","Games",10642,53,67,3619000,905,14500,10900,173700,NA,2015,"May",13,51.3,212559417,12.08,183241641,-14.235004,-51.92528
942,"Heidi y Zidane",12700000,6001189018,"nan","Heidi y Zidane",600,"United States","US","People",1052,173,60,16117000,4000,64500,48400,773600,NA,2019,"Dec",2,88.2,328239523,14.7,270663028,37.09024,-95.712891
947,"NickiMinajAtVEVO",12600000,8831179714,"Music","NickiMinajAtVEVO",99,"United States","US","Music",557,174,148,35027000,8800,140100,105100,1700000,NA,2010,"Apr",1,88.2,328239523,14.7,270663028,37.09024,-95.712891
948,"Ellie Goulding",12600000,6969178081,"Music","Ellie Goulding",218,"United Kingdom","GB","Music",841,32,148,36681000,9200,146700,110000,1800000,NA,2007,"Jan",29,60,66834405,3.85,55908316,55.378051,-3.435973
949,"colinfurze",12500000,1612094871,"Entertainment","colinfurze",385,"United Kingdom","GB","Entertainment",6487,33,171,8482000,2100,33900,25400,407200,NA,2006,"Nov",15,60,66834405,3.85,55908316,55.378051,-3.435973
950,"People Vs Food",12500000,1136534702,"Entertainment","People Vs Food",601,"United States","US","Entertainment",9980,175,171,15340000,3800,61400,46000,736300,NA,2013,"Jul",30,88.2,328239523,14.7,270663028,37.09024,-95.712891
951,"Wolfoo Family",12500000,161254021,"nan","Wolfoo Family",61,"United States","US","Film",81750,175,46,757789000,0,0,0,0,NA,2019,"Oct",21,88.2,328239523,14.7,270663028,37.09024,-95.712891
952,"Ja Mill",12500000,1302818088,"People & Blogs","jamill",0,"nan","nan","nan",4048879,NA,NA,NA,0,0,0,0,NA,2006,"Feb",22,NA,NA,NA,NA,NA,NA
953,"Health Time",12500000,1002219689,"Howto & Style","Health Time",1810,"India","IN","People",11667,123,62,1395000,349,5600,4200,66900,NA,2016,"Sep",25,28.1,1366417754,5.36,471031528,20.593684,78.96288
954,"Yair17",12500000,1402042328,"Gaming","Yair17",1109,"Mexico","MX","Games",7741,33,68,8869000,2200,35500,26600,425700,NA,2014,"Jan",22,40.2,126014024,3.42,102626859,23.634501,-102.552784
955,"Little Baby Bum en Espaï¿½ï",12500000,6956320454,"Education","Little Baby Bum en Espaï¿½ï",1459,"Spain","ES","Education",843,19,46,16319000,4100,65300,49000,783300,NA,2014,"Jun",6,88.9,47076781,13.96,37927409,40.463667,-3.74922
957,"Mï¿½ï¿½ï¿½ï¿½",12500000,3140883140,"Travel & Events","Mï¿½ï¿½ï¿½ï¿½",766,"Mexico","MX","Entertainment",2691,33,171,31007000,7800,124000,93000,1500000,NA,2015,"Jul",6,40.2,126014024,3.42,102626859,23.634501,-102.552784
959,"Troom Troom PT",12500000,4384177908,"Howto & Style","Troom Troom PT",2738,"nan","nan","Howto",1667,NA,37,13501000,3400,54000,40500,648100,NA,2015,"Apr",19,NA,NA,NA,NA,NA,NA
960,"Parafernalha",12500000,4625777945,"Entertainment","Parafernalha",1888,"Brazil","BR","Entertainment",1532,54,171,7158000,1800,28600,21500,343600,NA,2011,"May",13,51.3,212559417,12.08,183241641,-14.235004,-51.92528
967,"Wave Music Bhakti",12500000,5146004207,"Music","Wave Music Bhakti",19899,"India","IN","Music",1299,123,149,11079000,2800,44300,33200,531800,NA,2011,"Apr",19,28.1,1366417754,5.36,471031528,20.593684,78.96288
968,"Troom Troom Indonesia",12500000,5379684248,"People & Blogs","TROOM TROOM INDONESIA",8,"nan","nan","People",4057418,NA,7712,1,0,0,0,0.05,NA,2020,"Jul",29,NA,NA,NA,NA,NA,NA
969,"CKM",12500000,4465772496,"Comedy","CKM",117,"India","IN","Comedy",1621,123,42,13142000,3300,52600,39400,630800,NA,2018,"Feb",20,28.1,1366417754,5.36,471031528,20.593684,78.96288
973,"Hero Movies 2023",12400000,1689090619,"People & Blogs","Hero Movies 2023",689,"nan","nan","People",6116,NA,63,21837000,5500,87300,65500,1e+06,NA,2017,"Feb",22,NA,NA,NA,NA,NA,NA
974,"LOUD",12400000,2394143260,"Gaming","WatchLOUD",690,"United States","US","Entertainment",186431,1795,1759,27596,7,110,83,1300,NA,2006,"Jan",4,88.2,328239523,14.7,270663028,37.09024,-95.712891
975,"Gibby :)",12400000,2862685032,"People & Blogs","Gibby :)",226,"Mexico","MX","People",3087,34,63,10278000,2600,41100,30800,493300,NA,2014,"Aug",30,40.2,126014024,3.42,102626859,23.634501,-102.552784
976,"Gustavo Parï¿½ï¿½",12400000,2602614088,"Comedy","GustavoParodias",9,"Brazil","BR","Comedy",4050768,5075,4894,NA,0,0,0,0,NA,2010,"Aug",24,51.3,212559417,12.08,183241641,-14.235004,-51.92528
977,"SAAIHALILINTAR",12400000,1113066203,"Entertainment","SAAIHALILINTAR",409,"Indonesia","ID","Entertainment",10271,34,172,806075,202,3200,2400,38700,NA,2012,"Apr",28,36.3,270203917,4.69,151509724,-0.789275,113.921327
979,"Heidi and Zidane HZHtube",12400000,4021409291,"Entertainment","Heidi and Zidane HZHtube",813,"Canada","CA","Entertainment",1900,14,172,9595000,2400,38400,28800,460600,NA,2015,"Nov",24,68.9,36991981,5.56,30628482,56.130366,-106.346771
982,"Pari's Lifestyle",12400000,7741764747,"People & Blogs","Pari's Lifestyle",459,"India","IN","People",702,124,63,38165000,9500,152700,114500,1800000,NA,2018,"Nov",26,28.1,1366417754,5.36,471031528,20.593684,78.96288
983,"DisneyChannelUK",12400000,12607488647,"Music","DisneyChannelUK",4422,"United Kingdom","GB","Entertainment",306,34,172,34758000,8700,139000,104300,1700000,NA,2007,"Dec",6,60,66834405,3.85,55908316,55.378051,-3.435973
986,"TKOR",12400000,3392022527,"Education","TKoR",0,"nan","nan","People",4057944,NA,7741,NA,0,0,0,0,NA,2006,"Aug",16,NA,NA,NA,NA,NA,NA
987,"ANNA KOVA",12400000,13959586308,"People & Blogs","annakova",1,"nan","nan","Film",4049634,NA,5307,2,0,0.01,0.01,0.1,NA,2006,"Jun",18,NA,NA,NA,NA,NA,NA
988,"Avril Lavigne",12400000,6202090191,"Music","Avril Lavigne",205,"United States","US","Music",999,176,150,50188000,12500,200800,150600,2400000,NA,2005,"Oct",8,88.2,328239523,14.7,270663028,37.09024,-95.712891
